<?xml version="1.0" encoding="utf-8" ?>
<!DOCTYPE hibernate-configuration PUBLIC
        "-//Hibernate/Hibernate Configuration DTD 3.0//EN"
        "http://www.hibernate.org/dtd/hibernate-configuration-3.0.dtd">
<hibernate-configuration>
    <session-factory>
        <property name="connection.url">jdbc:postgresql://localhost:5432/postgres</property>
        <property name="dialect">org.hibernate.dialect.PostgresPlusDialect</property>
        <property name="connection.username">postgres</property>
        <property name="connection.password">9336</property>

        <!--<property name="connection.pool_size">3</property>-->
        <!--<property name="current_session_context_class">thread</property>-->

        <property name="show_sql">true</property>
        <property name="hibernate.jdbc.batch_size">10</property>
<!--        <property name="format_sql">true</property>-->
        <property name="hbm2ddl.auto">update</property>
    </session-factory>
</hibernate-configuration>